"","ds(matrix, norm = FALSE, type = ""P"")"
"922587.922587-1",1
"922587.922587-2",-1
"927693.927693-1",1
"927693.927693-2",-1
"957162.957162-1",-0.247311827956989
"957162.957162-2",0.247311827956989
"1062366.1062366-1",-1
"1062366.1062366-2",1
"1064394.1064394-1",1
"1064394.1064394-2",-1
"1074455.1074455-1",1
"1074455.1074455-2",-1
